{"assets":[],"layers":[{"ddd":0,"ind":0,"ty":4,"nm":"“icon_shiqushibai”轮廓","ks":{"o":{"k":[{"i":{"x":[0.667],"y":[1]},"o":{"x":[0.333],"y":[0]},"n":["0p667_1_0p333_0"],"t":23,"s":[0],"e":[100]},{"t":25}]},"r":{"k":0},"p":{"k":[{"i":{"x":0.667,"y":1},"o":{"x":0.333,"y":0},"n":"0p667_1_0p333_0","t":17,"s":[101.5,84.5,0],"e":[101.5,106.5,0],"to":[0,3.66666674613953,0],"ti":[0,1.83333337306976,0]},{"i":{"x":0.667,"y":1},"o":{"x":0.333,"y":0},"n":"0p667_1_0p333_0","t":23,"s":[101.5,106.5,0],"e":[101.5,97.646,0],"to":[0,-1.07150912284851,0],"ti":[0,8.5696268081665,0]},{"i":{"x":0.667,"y":1},"o":{"x":0.333,"y":0},"n":"0p667_1_0p333_0","t":27,"s":[101.5,97.646,0],"e":[101.5,73.5,0],"to":[0,-6.09285449981689,0],"ti":[0,2.28547263145447,0]},{"t":30}]},"a":{"k":[100,100,0]},"s":{"k":[80,80,100]}},"ao":0,"shapes":[{"ty":"gr","it":[{"ind":0,"ty":"sh","ks":{"k":{"i":[[1.082,2.055],[6.995,0],[2.835,-4.946],[-0.17,-2.894],[0,0],[-6.74,0],[-0.532,6.613],[0,0]],"o":[[-2.576,-5.577],[-6.494,0],[-1.492,2.223],[0,0],[0.396,6.729],[6.634,0],[0,0],[0.201,-2.502]],"v":[[15.608,-35.845],[0.036,-45.333],[-14.926,-37.013],[-17.066,-29.191],[-13.396,33.35],[-0.688,45.333],[12.001,33.625],[17.036,-28.916]],"c":true}},"nm":"路径 1","mn":"ADBE Vector Shape - Group"},{"ty":"fl","c":{"k":[0.749,0.31,1,1]},"o":{"k":100},"nm":"填充 1","mn":"ADBE Vector Graphic - Fill"},{"ty":"tr","p":{"k":[98.548,102.167],"ix":2},"a":{"k":[0,0],"ix":1},"s":{"k":[100,100],"ix":3},"r":{"k":0,"ix":6},"o":{"k":100,"ix":7},"sk":{"k":0,"ix":4},"sa":{"k":0,"ix":5},"nm":"变换"}],"nm":"组 1","np":2,"mn":"ADBE Vector Group"}],"ip":14,"op":36,"st":14,"bm":0,"sr":1},{"ddd":0,"ind":1,"ty":4,"nm":"“图层 3”轮廓","ks":{"o":{"k":100},"r":{"k":0},"p":{"k":[94.709,104.231,0]},"a":{"k":[49.202,48.646,0]},"s":{"k":[100,100,100]}},"ao":0,"shapes":[{"ty":"gr","it":[{"ind":0,"ty":"sh","ks":{"k":{"i":[[0,0],[0,-8.335],[18.89,0],[0,18.889],[-14.682,3.844]],"o":[[4.954,5.934],[0,18.889],[-18.889,0],[0,-15.888],[0,0]],"v":[[26.267,-22.464],[34.202,-0.557],[-0.001,33.646],[-34.202,-0.557],[-8.688,-33.646]],"c":false}},"nm":"路径 1","mn":"ADBE Vector Shape - Group"},{"ty":"st","c":{"k":[0.749,0.31,1,1]},"o":{"k":100},"w":{"k":6},"lc":2,"lj":2,"nm":"描边 1","mn":"ADBE Vector Graphic - Stroke"},{"ty":"tr","p":{"k":[49.202,48.646],"ix":2},"a":{"k":[0,0],"ix":1},"s":{"k":[100,100],"ix":3},"r":{"k":0,"ix":6},"o":{"k":100,"ix":7},"sk":{"k":0,"ix":4},"sa":{"k":0,"ix":5},"nm":"变换"}],"nm":"组 1","np":2,"mn":"ADBE Vector Group"},{"ty":"tm","s":{"k":[{"i":{"x":[0.833],"y":[1]},"o":{"x":[0.167],"y":[0]},"n":["0p833_1_0p167_0"],"t":0,"s":[0],"e":[100]},{"t":18}],"ix":1},"e":{"k":100,"ix":2},"o":{"k":0,"ix":3},"m":1,"ix":2,"nm":"修剪路径 1","mn":"ADBE Vector Filter - Trim"}],"ip":0,"op":36,"st":0,"bm":0,"sr":1},{"ddd":0,"ind":2,"ty":4,"nm":"“图层 2”轮廓","ks":{"o":{"k":100},"r":{"k":0},"p":{"k":[{"i":{"x":0.667,"y":1},"o":{"x":0.333,"y":0},"n":"0p667_1_0p333_0","t":21,"s":[95.438,102.438,0],"e":[100.5,162.438,0],"to":[0.84375,10,0],"ti":[-0.84375,-5.5,0]},{"i":{"x":0.667,"y":1},"o":{"x":0.333,"y":0},"n":"0p667_1_0p333_0","t":28,"s":[100.5,162.438,0],"e":[100.5,135.438,0],"to":[0.84375,5.5,0],"ti":[0,4.5,0]},{"t":34}]},"a":{"k":[18.062,18.062,0]},"s":{"k":[{"i":{"x":[0.833,0.833,0.833],"y":[0.833,0.833,0.833]},"o":{"x":[0.167,0.167,0.167],"y":[0.167,0.167,0.167]},"n":["0p833_0p833_0p167_0p167","0p833_0p833_0p167_0p167","0p833_0p833_0p167_0p167"],"t":21,"s":[100,100,100],"e":[80,80,100]},{"t":34}]}},"ao":0,"shapes":[{"ty":"gr","it":[{"ind":0,"ty":"sh","ks":{"k":{"i":[[0,-9.838],[9.837,0],[0,9.838],[-9.838,0]],"o":[[0,9.838],[-9.838,0],[0,-9.838],[9.837,0]],"v":[[17.812,0],[0.001,17.812],[-17.812,0],[0.001,-17.812]],"c":true}},"nm":"路径 1","mn":"ADBE Vector Shape - Group"},{"ty":"fl","c":{"k":[0.749,0.31,1,1]},"o":{"k":100},"nm":"填充 1","mn":"ADBE Vector Graphic - Fill"},{"ty":"tr","p":{"k":[18.062,18.062],"ix":2},"a":{"k":[0,0],"ix":1},"s":{"k":[100,100],"ix":3},"r":{"k":0,"ix":6},"o":{"k":100,"ix":7},"sk":{"k":0,"ix":4},"sa":{"k":0,"ix":5},"nm":"变换"}],"nm":"组 1","np":2,"mn":"ADBE Vector Group"}],"ip":0,"op":36,"st":0,"bm":0,"sr":1},{"ddd":0,"ind":3,"ty":4,"nm":"“图层 1”轮廓","ks":{"o":{"k":100},"r":{"k":0},"p":{"k":[94.717,104.359,0]},"a":{"k":[82.984,82.276,0]},"s":{"k":[100,100,100]}},"ao":0,"shapes":[{"ty":"gr","it":[{"ind":0,"ty":"sh","ks":{"k":{"i":[[0,0],[-0.283,-28.603],[-31.84,0.315],[0.315,31.84],[24.064,6.419],[0,0]],"o":[[-27.274,4.8],[0.314,31.84],[31.839,-0.314],[-0.262,-26.593],[0,0],[0,0]],"v":[[-10.057,-57.277],[-57.701,-0.057],[0.491,56.962],[57.669,-1.292],[13.728,-56.531],[13.656,-3.192]],"c":false}},"nm":"路径 1","mn":"ADBE Vector Shape - Group"},{"ty":"st","c":{"k":[0.749,0.31,1,1]},"o":{"k":100},"w":{"k":10},"lc":2,"lj":2,"nm":"描边 1","mn":"ADBE Vector Graphic - Stroke"},{"ty":"tr","p":{"k":[82.984,82.277],"ix":2},"a":{"k":[0,0],"ix":1},"s":{"k":[100,100],"ix":3},"r":{"k":0,"ix":6},"o":{"k":100,"ix":7},"sk":{"k":0,"ix":4},"sa":{"k":0,"ix":5},"nm":"变换"}],"nm":"组 1","np":2,"mn":"ADBE Vector Group"},{"ty":"tm","s":{"k":[{"i":{"x":[0.833],"y":[1]},"o":{"x":[0.333],"y":[0]},"n":["0p833_1_0p333_0"],"t":0,"s":[0],"e":[100]},{"t":25}],"ix":1},"e":{"k":100,"ix":2},"o":{"k":0,"ix":3},"m":1,"ix":2,"nm":"修剪路径 1","mn":"ADBE Vector Filter - Trim"}],"ip":0,"op":36,"st":0,"bm":0,"sr":1}],"v":"4.5.4","ddd":0,"ip":0,"op":36,"fr":24,"w":200,"h":200}